first_name,last_name,email
Ava,Williams,ava@avail.com
Emily,Johnson,emily@email.com
Isabella,Martinez,isabella@isail.com
John,Long,john@email.com
Leon,Red,leon@email.com
Mike,Tyson,mike@email.com
Olivia,Brown,olivia@olail.com
Sophia,Lowe,sophia@soail.com
Steve,White,steve@email.com
Tom,Smith,tom@email.com
